<fr>
<débutant>
<contenu id="1">
<question>À quel département Bernadette et Jacques Chirac étaient-ils fortement liés ?</question>
<propositions>
<proposition id="1-1">Corrèze</proposition>
<proposition id="1-2">Pas-de-Calais</proposition>
<proposition id="1-3">Landes</proposition>
<proposition id="1-4">Vosges</proposition>
</propositions>
<réponse proposition="1-1">Corrèze</réponse>
<anecdote>Située à l'ouest du Massif central, la Corrèze se compose de la Montagne, des plateaux et du bassin de Brive.</anecdote>
</contenu>
<contenu id="2">
<question>Dans quel département Versailles s'est-elle développée autour de son château ?</question>
<propositions>
<proposition id="2-1">Yvelines</proposition>
<proposition id="2-2">Charente</proposition>
<proposition id="2-3">Gard</proposition>
<proposition id="2-4">Aisne</proposition>
</propositions>
<réponse proposition="2-1">Yvelines</réponse>
<anecdote>Le château de Versailles accueille le Parlement lorsqu'il se réunit en Congrès pour adopter une révision de la Constitution.</anecdote>
</contenu>
<contenu id="3">
<question>Comment sont nommés les habitants du département de l'Hérault ?</question>
<propositions>
<proposition id="3-1">Savoie</proposition>
<proposition id="3-2">Morbihan</proposition>
<proposition id="3-3">Héraultais</proposition>
<proposition id="3-4">Gard</proposition>
</propositions>
<réponse proposition="3-3">Héraultais</réponse>
<anecdote>Georges Brassens (Sète), Boby Lapointe (Pézenas), Émilie Simon (Montpellier), Juliette Gréco (Montpellier) étaient héraultais.</anecdote>
</contenu>
<contenu id="4">
<question>Quel département français regroupe l'Artois et une partie de l'ancienne Picardie ?</question>
<propositions>
<proposition id="4-1">Aisne</proposition>
<proposition id="4-2">Calvados</proposition>
<proposition id="4-3">Nord</proposition>
<proposition id="4-4">Pas-de-Calais</proposition>
</propositions>
<réponse proposition="4-4">Pas-de-Calais</réponse>
<anecdote>Bien que réunis, ces deux territoires restent encore aujourd'hui assez différents culturellement et économiquement.</anecdote>
</contenu>
<contenu id="5">
<question>Quel deuxième aéroport de France se situe dans le département de l'Essone ?</question>
<propositions>
<proposition id="5-1">Gironde</proposition>
<proposition id="5-2">Creuse</proposition>
<proposition id="5-3">Jura</proposition>
<proposition id="5-4">Paris-Orly</proposition>
</propositions>
<réponse proposition="5-4">Paris-Orly</réponse>
<anecdote>Plaque tournante importante du transport aérien, l'aéroport brasse un trafic d'environ 30 millions de passagers chaque année.</anecdote>
</contenu>
<contenu id="6">
<question>Quel département tient son nom de la rivière localement appelée le Gardon ?</question>
<propositions>
<proposition id="6-1">Morbihan</proposition>
<proposition id="6-2">Vaucluse</proposition>
<proposition id="6-3">Gard</proposition>
<proposition id="6-4">Charente</proposition>
</propositions>
<réponse proposition="6-3">Gard</réponse>
<anecdote>La rivière, navigable en canoë-kayak sur environ 70 km, est franchie par le pont du Gard, pont-aqueduc romain du Ier siècle.</anecdote>
</contenu>
<contenu id="7">
<question>Quel département de Bretagne a pour préfecture la ville de Vannes ?</question>
<propositions>
<proposition id="7-1">Ille-et-Vilaine</proposition>
<proposition id="7-2">Finistère</proposition>
<proposition id="7-3">Morbihan</proposition>
<proposition id="7-4">Côtes-d'Armor</proposition>
</propositions>
<réponse proposition="7-3">Morbihan</réponse>
<anecdote>Il correspond pour l'essentiel au royaume, devenu comté puis baillie de Broërec et plus anciennement à la cité des Vénètes.</anecdote>
</contenu>
<contenu id="8">
<question>Lequel de ces départements a un nom provenant des deux rivières le traversant ?</question>
<propositions>
<proposition id="8-1">Loir-et-Cher</proposition>
<proposition id="8-2">Charente-Maritime</proposition>
<proposition id="8-3">Pas-de-Calais</proposition>
<proposition id="8-4">Puy-de-Dôme</proposition>
</propositions>
<réponse proposition="8-1">Loir-et-Cher</réponse>
<anecdote>Le département de Loir-et-Cher est connu en France notamment grâce à la chanson de Michel Delpech écrite en 1977.</anecdote>
</contenu>
<contenu id="9">
<question>Quel département est géographiquement situé le plus à l'ouest de la France ?</question>
<propositions>
<proposition id="9-1">Lozère</proposition>
<proposition id="9-2">Pas-de-Calais</proposition>
<proposition id="9-3">Dordogne</proposition>
<proposition id="9-4">Finistère</proposition>
</propositions>
<réponse proposition="9-4">Finistère</réponse>
<anecdote>Premier département côtier de France, le Finistère compte 117 communes littorales sur 282 et près d'un quart du littoral français.</anecdote>
</contenu>
<contenu id="10">
<question>Dans quel département mange-t-on le potjevleesch, le waterzooi et le welsh ?</question>
<propositions>
<proposition id="10-1">Deux-Sèvres</proposition>
<proposition id="10-2">Nord</proposition>
<proposition id="10-3">Finistère</proposition>
<proposition id="10-4">Lozère</proposition>
</propositions>
<réponse proposition="10-2">Nord</réponse>
<anecdote>Plusieurs chansons parlent du Nord, l'une des plus connues est probablement « Les Corons » de Pierre Bachelet.</anecdote>
</contenu>
</débutant>
<confirmé>
<contenu id="11">
<question>Dans quel département êtes-vous en vous promenant sur le vieux bassin d'Honfleur ?</question>
<propositions>
<proposition id="11-1">Calvados</proposition>
<proposition id="11-2">Deux-Sèvres</proposition>
<proposition id="11-3">Yvelines</proposition>
<proposition id="11-4">Finistère</proposition>
</propositions>
<réponse proposition="11-1">Calvados</réponse>
<anecdote>Ses étroites maisons en ardoises se reflétant dans le bassin en font la principale attraction touristique d'Honfleur.</anecdote>
</contenu>
<contenu id="12">
<question>Dans quel département l'agglomération d'Épinal dépasse-t-elle les 40 000 habitants ?</question>
<propositions>
<proposition id="12-1">Vosges</proposition>
<proposition id="12-2">Jura</proposition>
<proposition id="12-3">Aude</proposition>
<proposition id="12-4">Gironde</proposition>
</propositions>
<réponse proposition="12-1">Vosges</réponse>
<anecdote>Connue d'abord pour son imagerie, fondée en 1796 par Pellerin, la ville l'est également pour son château et sa basilique.</anecdote>
</contenu>
<contenu id="13">
<question>Quel est le troisième département forestier de France avec 418 000 hectares ?</question>
<propositions>
<proposition id="13-1">Dordogne</proposition>
<proposition id="13-2">Sarthe</proposition>
<proposition id="13-3">Vosges</proposition>
<proposition id="13-4">Creuse</proposition>
</propositions>
<réponse proposition="13-1">Dordogne</réponse>
<anecdote>On y trouve Feuillus, conifères, prairies, collines, vallons, vallées, vignes, truffières, falaises, cours d'eau, gorges et grottes.</anecdote>
</contenu>
<contenu id="14">
<question>Quel est le plus vaste département de France métropolitaine ?</question>
<propositions>
<proposition id="14-1">Gironde</proposition>
<proposition id="14-2">Yvelines</proposition>
<proposition id="14-3">Aude</proposition>
<proposition id="14-4">Savoie</proposition>
</propositions>
<réponse proposition="14-1">Gironde</réponse>
<anecdote>Long de 75 kilomètres et large de 12 kilomètres à son embouchure, l'estuaire de la Gironde est le plus grand estuaire d'Europe.</anecdote>
</contenu>
<contenu id="15">
<question>De quel département François Fillon a-t-il été député et sénateur ?</question>
<propositions>
<proposition id="15-1">Finistère</proposition>
<proposition id="15-2">Lozère</proposition>
<proposition id="15-3">Sarthe</proposition>
<proposition id="15-4">Manche</proposition>
</propositions>
<réponse proposition="15-3">Sarthe</réponse>
<anecdote>Sa campagne fut mise en question par des révélations de la presse, puis des poursuites l'impliquant avec son épouse, Penelope.</anecdote>
</contenu>
<contenu id="16">
<question>Dans quel département pouvez-vous assister aux 24 Heures du Mans ?</question>
<propositions>
<proposition id="16-1">Charente</proposition>
<proposition id="16-2">Moselle</proposition>
<proposition id="16-3">Sarthe</proposition>
<proposition id="16-4">Corrèze</proposition>
</propositions>
<réponse proposition="16-3">Sarthe</réponse>
<anecdote>La compétition, initiée en 1923 et se déroulant chaque année au mois de juin, attire un peu plus de 240 000 spectateurs.</anecdote>
</contenu>
<contenu id="17">
<question>Quel département est réputé pour ses vins blancs dont son cépage Savagnin ?</question>
<propositions>
<proposition id="17-1">Jura</proposition>
<proposition id="17-2">Yvelines</proposition>
<proposition id="17-3">Nord</proposition>
<proposition id="17-4">Corrèze</proposition>
</propositions>
<réponse proposition="17-1">Jura</réponse>
<anecdote>On trouve également dans le Jura des vins singuliers comme les vins liquoreux que sont le macvin ou le vin de paille.</anecdote>
</contenu>
<contenu id="18">
<question>Quel département français est frontalier avec le Luxembourg et l'Allemagne ?</question>
<propositions>
<proposition id="18-1">Manche</proposition>
<proposition id="18-2">Savoie</proposition>
<proposition id="18-3">Gironde</proposition>
<proposition id="18-4">Moselle</proposition>
</propositions>
<réponse proposition="18-4">Moselle</réponse>
<anecdote>Au niveau européen, la Moselle fait partie de la Grande Région et de l'Eurodistrict SaarMoselle (pour une partie du département).</anecdote>
</contenu>
<contenu id="19">
<question>Quel département ayant pour code 73 est le plus montagneux de France ?</question>
<propositions>
<proposition id="19-1">Calvados</proposition>
<proposition id="19-2">Loir-et-Cher</proposition>
<proposition id="19-3">Savoie</proposition>
<proposition id="19-4">Creuse</proposition>
</propositions>
<réponse proposition="19-3">Savoie</réponse>
<anecdote>La grande majorité des massifs de la Savoie sont des massifs alpins, auxquels s'ajoute la partie la plus méridionale du Jura.</anecdote>
</contenu>
<contenu id="20">
<question>Dans quel département français est situé le mont Ventoux ?</question>
<propositions>
<proposition id="20-1">Vaucluse</proposition>
<proposition id="20-2">Aude</proposition>
<proposition id="20-3">Lozère</proposition>
<proposition id="20-4">Gard</proposition>
</propositions>
<réponse proposition="20-1">Vaucluse</réponse>
<anecdote>Surnommé le mont Chauve, le mont Ventoux est le point culminant des monts de Vaucluse et le plus haut sommet de Vaucluse.</anecdote>
</contenu>
</confirmé>
<expert>
<contenu id="21">
<question>Quel département français a pour emblème un escargot avec des ailes ?</question>
<propositions>
<proposition id="21-1">Charente</proposition>
<proposition id="21-2">Dordogne</proposition>
<proposition id="21-3">Vaucluse</proposition>
<proposition id="21-4">Manche</proposition>
</propositions>
<réponse proposition="21-1">Charente</réponse>
<anecdote>Le département tire son nom du fleuve qui, à l'époque gallo-romaine, était connu sous le nom grec de Kanentelos.</anecdote>
</contenu>
<contenu id="22">
<question>De quel département Cherbourg-en-Cotentin est-elle le principal pôle culturel ?</question>
<propositions>
<proposition id="22-1">Loir-et-Cher</proposition>
<proposition id="22-2">Manche</proposition>
<proposition id="22-3">Sarthe</proposition>
<proposition id="22-4">Calvados</proposition>
</propositions>
<réponse proposition="22-2">Manche</réponse>
<anecdote>Le chanteur Allain Leprest, originaire de Lestre, est resté fidèle à son département et à sa mer d'origine qu'il a chantés.</anecdote>
</contenu>
<contenu id="23">
<question>Dans quel département fête-t-on le carnaval de Limoux durant plus de dix semaines ?</question>
<propositions>
<proposition id="23-1">Moselle</proposition>
<proposition id="23-2">Deux-Sèvres</proposition>
<proposition id="23-3">Aude</proposition>
<proposition id="23-4">Corrèze</proposition>
</propositions>
<réponse proposition="23-3">Aude</réponse>
<anecdote>Se déroulant dans la ville de Limoux, sur la place de la République, c'est l'un des plus longs carnavals du monde.</anecdote>
</contenu>
<contenu id="24">
<question>Dans quelle ville de la Somme trouve-t-on la Tour Perret et la maison de Jules Verne ?</question>
<propositions>
<proposition id="24-1">Vaucluse</proposition>
<proposition id="24-2">Gard</proposition>
<proposition id="24-3">Amiens</proposition>
<proposition id="24-4">Jura</proposition>
</propositions>
<réponse proposition="24-3">Amiens</réponse>
<anecdote>On distingue deux grandes zones riches en sites touristiques : la côte picarde et Abbeville, l'Amiénois et la Haute Somme.</anecdote>
</contenu>
<contenu id="25">
<question>Quel est le deuxième département le moins peuplé de France après la Lozère ?</question>
<propositions>
<proposition id="25-1">Dordogne</proposition>
<proposition id="25-2">Pas-de-Calais</proposition>
<proposition id="25-3">Vosges</proposition>
<proposition id="25-4">Creuse</proposition>
</propositions>
<réponse proposition="25-4">Creuse</réponse>
<anecdote>La Creuse est limitrophe des départements de la Corrèze, de la Haute-Vienne, de l'Allier, du Puy-de-Dôme, du Cher et de l'Indre.</anecdote>
</contenu>
<contenu id="26">
<question>Quel département français est surnommé le département des sources ?</question>
<propositions>
<proposition id="26-1">Lozère</proposition>
<proposition id="26-2">Sarthe</proposition>
<proposition id="26-3">Vosges</proposition>
<proposition id="26-4">Morbihan</proposition>
</propositions>
<réponse proposition="26-1">Lozère</réponse>
<anecdote>C'est le seul département français métropolitain dans lequel toutes les rivières qui s'écoulent prennent également leur source.</anecdote>
</contenu>
<contenu id="27">
<question>Quel barrage est situé sur la Truyère, dans le département du Cantal ?</question>
<propositions>
<proposition id="27-1">Maury</proposition>
<proposition id="27-2">Tignes</proposition>
<proposition id="27-3">Grandval</proposition>
<proposition id="27-4">Pareloup</proposition>
</propositions>
<réponse proposition="27-3">Grandval</réponse>
<anecdote>La scène du contrôle de la Feldgendarmerie sur le barrage du film « La Grande Vadrouille » y a été tournée en 1966.</anecdote>
</contenu>
<contenu id="28">
<question>Dans quel département la ville de Niort compte-t-elle plus de 50 000 habitants ?</question>
<propositions>
<proposition id="28-1">Deux-Sèvres</proposition>
<proposition id="28-2">Nord</proposition>
<proposition id="28-3">Landes</proposition>
<proposition id="28-4">Moselle</proposition>
</propositions>
<réponse proposition="28-1">Deux-Sèvres</réponse>
<anecdote>Comparé à la densité de la France métropolitaine, le département des Deux-Sèvres apparaît comme moyennement peuplé.</anecdote>
</contenu>
<contenu id="29">
<question>Dans quel département les habitants sont-ils appelés les Axonais ?</question>
<propositions>
<proposition id="29-1">Aisne</proposition>
<proposition id="29-2">Ariège</proposition>
<proposition id="29-3">Allier</proposition>
<proposition id="29-4">Ain</proposition>
</propositions>
<réponse proposition="29-1">Aisne</réponse>
<anecdote>L'Aisne a perdu un peu de sa population dans la seconde moitié du XIXe siècle, en raison de l'exode rural, pourtant limité.</anecdote>
</contenu>
<contenu id="30">
<question>Dans quel département la renommée des conditions de surf est-elle mondiale ?</question>
<propositions>
<proposition id="30-1">Gironde</proposition>
<proposition id="30-2">Moselle</proposition>
<proposition id="30-3">Manche</proposition>
<proposition id="30-4">Landes</proposition>
</propositions>
<réponse proposition="30-4">Landes</réponse>
<anecdote>Les Landes sont également réputées culinairement au travers du foie gras, des magrets, des poulets et des vins AOC Tursan.</anecdote>
</contenu>
</expert>
</fr>